ID,ID_HECHO,FECHA,CRUCE,SEMAFORO
1,2016-0001,2016-01-01,"FERNANDEZ DE LA CRUZ, F., GRAL. AV.",False
2,2016-0002,2016-01-02,DE LOS CORRALES AV.,False
3,2016-0003,2016-01-03,,False
4,2016-0004,2016-01-10,"VILLEGAS, CONRADO, GRAL.",False
5,2016-0005,2016-01-21,"SAENZ PE?A, LUIS, PRES.",False
6,2016-0008,2016-01-24,ESCALADA AV.,False
7,2016-0009,2016-01-24,"GONZALEZ, JOAQUIN V.",False
8,2016-0010,2016-01-29,DE LOS CORRALES AV.,False
9,2016-0012,2016-02-08,"IRIGOYEN, BERNARDO DE",False
10,2016-0013,2016-02-10,,False
11,2016-0015,2016-02-14,VERA,False
12,2016-0016,2016-02-14,"QUINQUELA MARTIN, BENITO",False
13,2016-0017,2016-02-15,"JANER, ANA MARIA",False
14,2016-0019,2016-02-17,"GARCIA GRANDE DE ZEQUEIRA, SEVERO",False
15,2016-0020,2016-02-17,,False
16,2016-0021,2016-02-17,CURAPALIGUE,False
17,2016-0022,2016-02-21,"ALSINA, ADOLFO",False
18,2016-0025,2016-02-28,27 DE FEBRERO AV.,False
19,2016-0026,2016-02-28,VEDIA,False
20,2016-0027,2016-02-28,"DIAZ, AVELINO",False
21,2016-0028,2016-03-02,9 DE JULIO AV.,False
22,2016-0029,2016-03-04,DEHEZA,False
23,2016-0031,2016-03-08,"ROCA, CNEL. AV.",False
24,2016-0034,2016-03-12,"BONAVENA, OSCAR NATALIO",False
25,2016-0035,2016-03-13,CALLAO AV.,False
26,2016-0036,2016-03-14,"VALLE, ARISTOBULO DEL",False
27,2016-0037,2016-03-19,QUIRNO,False
28,2016-0038,2016-03-21,ZUVIRIA,False
29,2016-0039,2016-03-23,PUEYRREDON AV.,False
30,2016-0041,2016-03-29,RIVERA INDARTE AV.,False
31,2016-0043,2016-03-30,MURGUIONDO,False
32,2016-0044,2016-03-31,BALBASTRO,False
33,2016-0045,2016-04-11,DEL LIBERTADOR AV.,False
34,2016-0047,2016-04-15,,False
35,2016-0048,2016-04-15,DORREGO AV.,False
36,2016-0049,2016-04-17,,False
37,2016-0050,2016-04-19,"FERNANDEZ DE LA CRUZ, F., GRAL. AV.",False
38,2016-0051,2016-04-20,"BONAVENA, OSCAR NATALIO",False
39,2016-0052,2016-04-20,,False
40,2016-0053,2016-04-22,OLAZABAL AV.,False
41,2016-0054,2016-04-23,"PAZ, GRAL. AV.",True
42,2016-0055,2016-04-25,"FIGUEROA ALCORTA, PRES. AV.",False
43,2016-0056,2016-04-26,,False
44,2016-0058,2016-05-04,,False
45,2016-0059,2016-05-08,LIMA,False
46,2016-0064,2016-05-14,CARRASCO AV.,False
47,2016-0065,2016-05-20,ESPINOSA,False
48,2016-0067,2016-05-21,SARAZA,False
49,2016-0068,2016-05-22,PUEYRREDON AV.,False
50,2016-0069,2016-05-23,FILIBERTO,False
51,2016-0073,2016-06-11,,False
52,2016-0074,2016-06-12,"SCAPINO, RODOLFO",False
53,2016-0075,2016-06-12,MIRALLA,False
54,2016-0076,2016-06-13,CAMARONES,False
55,2016-0077,2016-06-13,"ALEM, LEANDRO N. AV.",False
56,2016-0078,2016-06-13,JUJUY AV.,False
57,2016-0079,2016-06-16,"UDAONDO, GUILLERMO AV.",False
58,2016-0080,2016-06-18,RIVADAVIA AV.,False
59,2016-0081,2016-06-22,MACHAIN,False
60,2016-0082,2016-06-27,,False
61,2016-0083,2016-06-28,PUAN,False
62,2016-0084,2016-06-29,TUCUMAN,False
63,2016-0085,2016-06-29,EREZCANO,False
64,2016-0086,2016-06-30,"FALCON, RAMON L.,CNEL.",False
65,2016-0087,2016-07-02,,False
66,2016-0088,2016-07-11,NU?EZ,False
67,2016-0089,2016-07-14,LA PAMPA,False
68,2016-0090,2016-07-14,RIVADAVIA AV.,False
69,2016-0092,2016-07-15,DEL LIBERTADOR AV.,False
70,2016-0093,2016-07-17,"MITRE, EMILIO",False
71,2016-0095,2016-07-23,MOSCONI GENERAL AV.,False
72,2016-0096,2016-07-25,,False
73,2016-0097,2016-07-26,MEXICO,False
74,2016-0098,2016-07-27,ALBERTI,False
75,2016-0099,2016-07-29,"PAZ, GRAL. AV.",False
76,2016-0100,2016-08-03,DONADO,False
77,2016-0101,2016-08-07,"CHAVEZ, JORGE",False
78,2016-0102,2016-08-10,"SUAREZ, JOSE LEON",False
79,2016-0104,2016-08-14,SANTIAGO DE COMPOSTELA AV.,False
80,2016-0105,2016-08-17,FRAGA,False
81,2016-0106,2016-08-19,DEL LIBERTADOR AV.,False
82,2016-0107,2016-08-20,,False
83,2016-0109,2016-08-24,BARRAGAN,False
84,2016-0110,2016-08-24,CARHUE,False
85,2016-0111,2016-08-25,LA PAMPA,False
86,2016-0112,2016-08-27,AUTOPISTA 1 SUR PRESIDENTE ARTURO FRONDIZI,False
87,2016-0113,2016-08-27,GUARDIA NACIONAL,False
88,2016-0114,2016-08-31,,False
89,2016-0115,2016-09-02,TRONADOR,False
90,2016-0116,2016-09-02,ESCALADA AV.,False
91,2016-0117,2016-09-03,TAGLE,False
92,2016-0118,2016-09-04,,False
93,2016-0119,2016-09-04,TRIUNVIRATO AV.,False
94,2016-0122,2016-09-13,,False
95,2016-0123,2016-09-14,"BONORINO, ESTEBAN, CNEL. AV.",False
96,2016-0124,2016-09-16,RIVERA INDARTE AV.,False
97,2016-0125,2016-09-17,"ALBERDI, JUAN BAUTISTA AV.",False
98,2016-0126,2016-09-18,TINOGASTA,False
99,2016-0127,2016-09-24,"ROCA, CNEL. AV.",False
100,2016-0128,2016-10-02,PAVON AV.,False
101,2016-0130,2016-10-04,,False
102,2016-0131,2016-10-09,,False
103,2016-0132,2016-10-10,24 DE NOVIEMBRE,False
104,2016-0133,2016-10-14,SANCHEZ DE BUSTAMANTE,False
105,2016-0134,2016-10-23,2 DE ABRIL DE 1982,False
106,2016-0135,2016-10-24,"PINEDO, INT.",False
107,2016-0136,2016-10-25,,False
108,2016-0137,2016-10-25,LADINES,False
109,2016-0138,2016-10-27,BLANCO ENCALADA,True
110,2016-0139,2016-10-28,DORREGO AV.,False
111,2016-0140,2016-10-31,VUELTA DE OBLIGADO,False
112,2016-0142,2016-11-05,"RAMOS MEJIA, JOSE MARIA, DR. AV.",False
113,2016-0143,2016-11-06,ESCALADA AV.,False
114,2016-0144,2016-11-07,,False
115,2016-0145,2016-11-07,LA PAMPA,False
116,2016-0146,2016-11-09,BRASIL,False
117,2016-0147,2016-11-16,"CEVALLOS, VIRREY",False
118,2016-0148,2016-11-16,,False
119,2016-0150,2016-11-18,"TABORDA, DIOGENES",False
120,2016-0151,2016-11-18,,False
121,2016-0152,2016-11-23,ZUVIRIA,False
122,2016-0153,2016-11-25,CORDOBA AV.,False
123,2016-0154,2016-11-26,,False
124,2016-0155,2016-11-26,,False
125,2016-0156,2016-11-26,DEAN FUNES,False
126,2016-0157,2016-12-03,,False
127,2016-0159,2016-12-04,ESCALADA AV.,False
128,2016-0160,2016-12-06,,False
129,2016-0161,2016-12-06,GODOY CRUZ,False
130,2016-0162,2016-12-07,FOREST AV.,False
131,2016-0163,2016-12-10,MOSCONI GENERAL AV.,False
132,2016-0164,2016-12-11,"POMAR, GREGORIO TTE. CNEL.",False
133,2016-0165,2016-12-12,,False
134,2016-0168,2016-12-13,"POMAR, GREGORIO TTE. CNEL.",False
135,2016-0169,2016-12-15,"BALBIN, RICARDO, DR. AV.",False
136,2016-0170,2016-12-19,,False
137,2016-0171,2016-12-25,AUTOPISTA 25 DE MAYO,False
138,2016-0172,2016-12-26,CASTRO,False
139,2016-0173,2016-12-26,SAN PEDRITO AV.,False
140,2016-0174,2016-12-27,,False
141,2016-0175,2016-12-27,MEMBRILLAR,False
142,2016-0176,2016-12-28,PASEO COLON AV.,True
143,2016-0177,2016-12-29,,False
144,2016-0178,2016-12-30,SAAVEDRA,False
145,2017-0001,2017-01-02,ACHUPALLAS,False
146,2017-0003,2017-01-05,VELEZ SARSFIELD AV.,False
147,2017-0007,2017-01-11,MEXICO,False
148,2017-0008,2017-01-16,BONPLAND,False
149,2017-0009,2017-01-16,,False
150,2017-0010,2017-01-16,RIGLOS,False
151,2017-0011,2017-01-22,"BALBIN, RICARDO, DR. AV.",False
152,2017-0012,2017-01-24,"TABORDA, DIOGENES",False
153,2017-0013,2017-01-27,,False
154,2017-0014,2017-01-28,ARIAS,False
155,2017-0015,2017-02-02,CALLAO AV.,False
156,2017-0016,2017-02-03,,False
157,2017-0017,2017-02-06,PARAGUAY,False
158,2017-0018,2017-02-09,DE LOS CORRALES AV.,False
159,2017-0021,2017-02-18,LIBERTAD,False
160,2017-0024,2017-02-23,,False
161,2017-0025,2017-02-24,RIVERA INDARTE AV.,False
162,2017-0026,2017-02-26,FOURNIER,False
163,2017-0027,2017-02-26,,False
164,2017-0028,2017-02-28,FRAGATA PRES. SARMIENTO,False
165,2017-0029,2017-03-07,TANDIL,False
166,2017-0030,2017-03-07,AUTOPISTA DELLEPIANE LUIS TTE. GRAL.,False
167,2017-0031,2017-03-11,PAVON,False
168,2017-0032,2017-03-12,LOS CEDROS,False
169,2017-0033,2017-03-12,"GUTIERREZ, RICARDO",False
170,2017-0034,2017-03-13,,False
171,2017-0035,2017-03-23,"VILLAFLOR, AZUCENA",False
172,2017-0036,2017-03-29,CAMPANA,False
173,2017-0037,2017-03-31,"CEVALLOS, VIRREY",False
174,2017-0038,2017-04-01,LAUTARO,False
175,2017-0040,2017-04-03,,False
176,2017-0041,2017-04-03,,False
177,2017-0042,2017-04-10,,False
178,2017-0045,2017-04-14,,False
179,2017-0047,2017-04-23,CORVALAN,True
180,2017-0049,2017-04-27,VARELA AV.,False
181,2017-0050,2017-04-28,,False
182,2017-0051,2017-05-01,,False
183,2017-0052,2017-05-05,GOLETA SANTA CRUZ,True
184,2017-0053,2017-05-05,VILLARINO,True
185,2017-0054,2017-05-07,"MORAN, PEDRO",False
186,2017-0055,2017-05-09,,False
187,2017-0058,2017-05-09,LIBERTAD,False
188,2017-0059,2017-05-11,LIMA,False
189,2017-0060,2017-05-13,"FERNANDEZ DE LA CRUZ, F., GRAL. AV.",False
190,2017-0061,2017-05-15,CALLAO AV.,False
191,2017-0062,2017-05-15,SAN BLAS,False
192,2017-0063,2017-05-17,9 DE JULIO AV.,False
193,2017-0064,2017-05-20,"PERON, JUAN DOMINGO, TTE. GENERAL",False
194,2017-0065,2017-05-22,HERRERA,False
195,2017-0066,2017-05-22,FRAGATA PRES. SARMIENTO,False
196,2017-0067,2017-05-23,"MORENO, JOSE MARIA AV.",False
197,2017-0068,2017-05-27,,False
198,2017-0069,2017-05-24,"SCHMIDL, ULRICO",False
199,2017-0070,2017-05-30,,False
200,2017-0072,2017-06-03,VALLEJOS,False
201,2017-0073,2017-06-04,ECUADOR,False
202,2017-0074,2017-06-04,,False
203,2017-0075,2017-06-12,9 DE JULIO AV.,False
204,2017-0076,2017-06-13,CALLE 12 (NO OFICIAL),False
205,2017-0077,2017-06-17,,False
206,2017-0079,2017-06-19,DEAN FUNES,False
207,2017-0080,2017-06-22,ESCALADA AV.,False
208,2017-0082,2017-06-25,BRASIL,False
209,2017-0083,2017-07-04,GUARDIA NACIONAL,False
210,2017-0084,2017-07-05,RODRIGUEZ PE?A,False
211,2017-0085,2017-07-07,"GARCIA, MARTIN AV.",False
212,2017-0086,2017-07-09,MURGUIONDO,False
213,2017-0087,2017-07-10,,False
214,2017-0088,2017-07-10,BRASIL AV.,False
215,2017-0089,2017-07-13,,False
216,2017-0090,2017-07-15,"PAZ, GRAL. AV.",False
217,2017-0091,2017-07-15,"PAZ, GRAL. AV.",False
218,2017-0092,2017-07-24,AUTOPISTA 1 SUR PRESIDENTE ARTURO FRONDIZI,False
219,2017-0093,2017-07-25,PUENTE DISTRIBUIDOR SCALABRINI ORTIZ,False
220,2017-0094,2017-07-27,,False
221,2017-0095,2017-08-06,"SALGUERO, JERONIMO",False
222,2017-0096,2017-08-07,NU?EZ,False
223,2017-0098,2017-08-08,,False
224,2017-0099,2017-08-17,,False
225,2017-0100,2017-08-21,,False
226,2017-0101,2017-08-23,ZAPATA,False
227,2017-0102,2017-08-24,ZAVALETA,False
228,2017-0104,2017-08-25,ESTADOS UNIDOS,False
229,2017-0106,2017-08-31,GUEMES,False
230,2017-0107,2017-09-01,JARAMILLO,False
231,2017-0108,2017-09-02,MACHAIN,False
232,2017-0109,2017-09-04,PORTELA,False
233,2017-0110,2017-09-06,"ALEM, LEANDRO N. AV.",False
234,2017-0111,2017-09-07,PIROVANO,False
235,2017-0112,2017-09-10,,False
236,2017-0113,2017-09-11,MAIPU,False
237,2017-0114,2017-09-15,DEL LIBERTADOR AV.,False
238,2017-0115,2017-09-19,TREINTA Y TRES ORIENTALES,False
239,2017-0116,2017-09-20,,False
240,2017-0118,2017-09-22,"CRUZ, OSVALDO AV.",False
241,2017-0120,2017-10-02,ESCALADA AV.,False
242,2017-0123,2017-10-10,ARGENTINA AV.,False
243,2017-0124,2017-10-12,,False
244,2017-0125,2017-10-13,LARRAYA,False
245,2017-0126,2017-10-14,CA?ADA DE GOMEZ,False
246,2017-0127,2017-10-16,CORDOBA AV.,False
247,2017-0128,2017-10-17,,False
248,2017-0129,2017-10-26,AUTOPISTA 25 DE MAYO,False
249,2017-0130,2017-10-27,SAN MARTIN AV.,False
250,2017-0132,2017-10-30,"ROCA, CNEL. AV.",False
251,2017-0134,2017-11-06,,False
252,2017-0135,2017-11-07,PUNTA ARENAS,False
253,2017-0136,2017-11-16,"RABANAL, FRANCISCO, INTENDENTE AV.",False
254,2017-0137,2017-11-17,SAN NICOLAS,False
255,2017-0138,2017-11-19,"PERON, EVA AV.",False
256,2017-0139,2017-11-19,ESCALADA AV.,False
257,2017-0140,2017-11-19,,False
258,2017-0141,2017-11-23,"GOYENA, PEDRO AV.",False
259,2017-0143,2017-11-25,"DIAZ, CESAR, GRAL.",True
260,2017-0144,2017-11-26,"PAZ, GRAL. AV.",False
261,2017-0145,2017-11-26,DON BOSCO,False
262,2017-0147,2017-11-28,"PERON, EVA AV.",False
263,2017-0148,2017-11-29,LA RIOJA,False
264,2017-0149,2017-11-30,MEXICO,False
265,2017-0150,2017-12-04,MIRALLA,False
266,2017-0151,2017-12-04,LUJAN,False
267,2017-0152,2017-12-06,TRAFUL,False
268,2017-0153,2017-12-11,LA PLATA AV.,False
269,2017-0154,2017-12-11,CASEROS AV.,False
270,2017-0155,2017-12-12,,False
271,2017-0157,2017-12-17,HUMAITA,False
272,2017-0158,2017-12-18,"PAZ, GRAL. AV.",False
273,2017-0159,2017-12-20,"CEVALLOS, VIRREY",False
274,2017-0160,2017-12-22,,False
275,2017-0161,2017-12-26,,False
276,2018-0001,2018-01-01,RINCON,False
277,2018-0002,2018-01-03,,False
278,2018-0003,2018-01-05,GALICIA,False
279,2018-0004,2018-01-09,MANZANARES,False
280,2018-0005,2018-01-09,,False
281,2018-0006,2018-01-10,BARCO CENTENERA DEL,False
282,2018-0007,2018-01-11,,False
283,2018-0008,2018-01-12,INDEPENDENCIA AV.,False
284,2018-0009,2018-01-14,"BROWN, ALTE. AV.",False
285,2018-0010,2018-01-18,"BELAUSTEGUI, LUIS, DR.",False
286,2018-0011,2018-01-19,"LOPEZ, VICENTE",False
287,2018-0012,2018-01-26,"CHILAVERT, MARTINIANO, CORONEL",False
288,2018-0013,2018-01-28,GALVAN,False
289,2018-0014,2018-01-31,RIVERA INDARTE AV.,False
290,2018-0015,2018-02-06,,False
291,2018-0016,2018-02-15,"RAMOS MEJIA, JOSE MARIA, DR. AV.",False
292,2018-0017,2018-02-17,RIVADAVIA AV.,False
293,2018-0018,2018-02-17,"SALVADORES, CNEL.",False
294,2018-0019,2018-02-17,CALLAO AV.,False
295,2018-0020,2018-02-19,,False
296,2018-0021,2018-02-22,ZAVALETA,False
297,2018-0022,2018-02-24,OLAVARRIA,False
298,2018-0023,2018-02-24,ROSARIO,False
299,2018-0024,2018-02-28,DONADO,False
300,2018-0025,2018-03-04,BOYACA AV.,False
301,2018-0026,2018-03-09,SAENZ AV.,False
302,2018-0027,2018-03-11,RONDEAU,False
303,2018-0028,2018-03-13,AZUL,False
304,2018-0029,2018-03-15,GAONA AV.,False
305,2018-0030,2018-03-20,ALVAREZ THOMAS AV.,False
306,2018-0031,2018-03-28,"ARTIGAS, JOSE GERVASIO, GRAL.",False
307,2018-0032,2018-04-02,AGUILAR,False
308,2018-0033,2018-04-07,LOPE DE VEGA AV.,False
309,2018-0034,2018-04-11,,False
310,2018-0035,2018-04-12,,False
311,2018-0036,2018-04-13,ARGERICH,False
312,2018-0037,2018-04-18,"URIBURU JOSE E., PRES.",False
313,2018-0038,2018-04-20,,False
314,2018-0039,2018-04-21,,False
315,2018-0040,2018-04-27,"OLAGUER Y FELIU, VIRREY",False
316,2018-0041,2018-04-27,"FERNANDEZ DE LA CRUZ, F., GRAL. AV.",True
317,2018-0042,2018-04-27,PERDRIEL,False
318,2018-0043,2018-04-28,ALVAREZ JONTE AV.,False
319,2018-0044,2018-04-28,INDEPENDENCIA AV.,False
320,2018-0045,2018-04-30,,False
321,2018-0046,2018-05-02,RIVADAVIA AV.,False
322,2018-0047,2018-05-08,DORREGO AV.,False
323,2018-0048,2018-05-09,PEDERNERA,False
324,2018-0049,2018-05-11,,False
325,2018-0050,2018-05-14,JURAMENTO AV.,False
326,2018-0051,2018-05-15,"CARBONARI, FRANCISCO, CMTE.",False
327,2018-0052,2018-05-18,NAZCA,False
328,2018-0053,2018-05-20,AGUERO,False
329,2018-0054,2018-05-22,,False
330,2018-0055,2018-05-29,JUJUY AV.,False
331,2018-0056,2018-06-02,,False
332,2018-0057,2018-06-03,HUMBERTO 1?,False
333,2018-0058,2018-06-03,THAMES,False
334,2018-0059,2018-06-08,SANCHEZ DE LORIA,False
335,2018-0060,2018-06-08,"ALEM, LEANDRO N. AV.",False
336,2018-0061,2018-06-10,PICHINCHA,False
337,2018-0062,2018-06-14,BARCO CENTENERA DEL,False
338,2018-0063,2018-06-16,VIAMONTE,False
339,2018-0064,2018-06-25,PRIMERA JUNTA,False
340,2018-0065,2018-06-26,JUNCAL,False
341,2018-0066,2018-06-28,"LACROZE, FEDERICO AV.",False
342,2018-0067,2018-06-29,FINOCHIETTO ENRIQUE DR.,False
343,2018-0068,2018-07-01,"ALBERDI, JUAN BAUTISTA AV.",False
344,2018-0069,2018-07-04,,False
345,2018-0070,2018-07-07,"URQUIZA, GRAL.",False
346,2018-0071,2018-07-10,"HUERGO, ING. AV.",False
347,2018-0072,2018-07-11,,False
348,2018-0073,2018-07-11,,False
349,2018-0074,2018-07-14,,False
350,2018-0075,2018-07-15,ORTIZ DE OCAMPO,False
351,2018-0076,2018-07-16,"PAZ, GRAL. AV.",False
352,2018-0077,2018-07-16,ESTADOS UNIDOS,False
353,2018-0078,2018-07-21,SANCHEZ DE BUSTAMANTE,False
354,2018-0079,2018-07-23,"PAZ, GRAL. AV.",False
355,2018-0080,2018-07-25,CARHUE,False
356,2018-0081,2018-07-29,RIVERA INDARTE AV.,False
357,2018-0082,2018-08-01,"GARZON, EUGENIO, GRAL. AV.",False
358,2018-0083,2018-08-02,"FERNANDEZ DE LA CRUZ, F., GRAL. AV.",False
359,2018-0084,2018-08-03,COCHABAMBA,False
360,2018-0085,2018-08-03,"GARAY, JUAN DE AV.",False
361,2018-0086,2018-08-10,GUARDIA NACIONAL,False
362,2018-0087,2018-08-15,COLOMBRES,False
363,2018-0088,2018-08-17,"BALBIN, RICARDO, DR. AV.",False
364,2018-0089,2018-08-17,BRASIL,False
365,2018-0090,2018-08-18,PERGAMINO,False
366,2018-0091,2018-08-19,BARRAGAN,False
367,2018-0092,2018-08-20,GASCON,False
368,2018-0093,2018-08-20,,False
369,2018-0094,2018-08-23,BERUTI,False
370,2018-0095,2018-08-26,"DELLEPIANE, LUIS, TTE. GRAL.",False
371,2018-0096,2018-08-31,"ROCA, CNEL. AV.",False
372,2018-0097,2018-09-02,"RABANAL, FRANCISCO, INTENDENTE AV.",False
373,2018-0098,2018-09-09,BERON DE ASTRADA,False
374,2018-0099,2018-09-12,PEDERNERA,False
375,2018-0100,2018-09-20,,False
376,2018-0101,2018-09-21,ZAPIOLA,False
377,2018-0102,2018-09-21,"TABORDA, DIOGENES",False
378,2018-0103,2018-09-27,"BONORINO, ESTEBAN, CNEL. AV.",False
379,2018-0104,2018-10-01,SUAREZ AV.,False
380,2018-0105,2018-10-03,RIVADAVIA AV.,False
381,2018-0106,2018-10-04,ECHEVERRIA,False
382,2018-0107,2018-10-06,JUJUY AV.,False
383,2018-0108,2018-10-09,"GUEMES, MACACHA",False
384,2018-0109,2018-10-10,"ALEM, LEANDRO N. AV.",False
385,2018-0110,2018-10-13,"GALLARDO, ANGEL AV.",False
386,2018-0111,2018-10-19,,False
387,2018-0112,2018-10-24,SERRANO,False
388,2018-0113,2018-10-25,TRES ARROYOS,False
389,2018-0114,2018-10-30,INDEPENDENCIA AV.,False
390,2018-0115,2018-10-31,"PAZ, GRAL. AV.",False
391,2018-0116,2018-11-01,,False
392,2018-0117,2018-11-04,,False
393,2018-0118,2018-11-05,PUEYRREDON AV.,False
394,2018-0119,2018-11-05,SAN PEDRITO,False
395,2018-0120,2018-11-09,ALVAREZ THOMAS AV.,False
396,2018-0121,2018-11-09,MANZONI,False
397,2018-0122,2018-11-12,LARRAZABAL,False
398,2018-0123,2018-11-12,"PERON, EVA AV.",False
399,2018-0124,2018-11-15,,False
400,2018-0125,2018-11-16,VENTANA,False
401,2018-0126,2018-11-18,"FALCON, RAMON L.,CNEL.",False
402,2018-0127,2018-11-19,DE LOS CONSTITUYENTES AV.,False
403,2018-0128,2018-11-25,,False
404,2018-0129,2018-11-28,GUEVARA,False
405,2018-0130,2018-12-03,SEGUROLA AV.,False
406,2018-0131,2018-12-07,,False
407,2018-0132,2018-12-12,"CASTILLO, RAMON S., PRES. AV.",False
408,2018-0133,2018-12-12,RIVADAVIA AV.,False
409,2018-0134,2018-12-12,CASEROS AV.,False
410,2018-0135,2018-12-18,PERU,False
411,2018-0136,2018-12-18,,False
412,2018-0137,2018-12-18,SANTIAGO DEL ESTERO,False
413,2018-0138,2018-12-21,,False
414,2018-0139,2018-12-22,,False
415,2018-0140,2018-12-22,,False
416,2018-0141,2018-12-22,INDEPENDENCIA AV.,False
417,2018-0142,2018-12-25,,False
418,2018-0143,2018-12-29,"ALBERDI, JUAN BAUTISTA AV.",False
419,2019-0001,2019-01-08,CALLE 12 (NO OFICIAL),False
420,2019-0002,2019-01-09,"MORENO, PERITO AV.",False
421,2019-0003,2019-01-12,TERRADA,False
422,2019-0004,2019-01-14,MEDINA,False
423,2019-0005,2019-01-19,ALVAREZ JONTE AV.,False
424,2019-0006,2019-01-23,,False
425,2019-0007,2019-01-26,YATAY,False
426,2019-0008,2019-01-30,,False
427,2019-0009,2019-01-31,SAN JUAN AV.,False
428,2019-0010,2019-02-02,,False
429,2019-0011,2019-02-10,"ALBERDI, JUAN BAUTISTA AV.",False
430,2019-0012,2019-02-17,"GORDILLO, TIMOTEO",False
431,2019-0013,2019-02-20,MOM,False
432,2019-0014,2019-02-20,,False
433,2019-0015,2019-02-23,,False
434,2019-0016,2019-02-24,FINOCHIETTO ENRIQUE DR.,False
435,2019-0017,2019-03-03,PICHINCHA,False
436,2019-0018,2019-03-03,"UDAONDO, GUILLERMO AV.",False
437,2019-0019,2019-03-06,,False
438,2019-0020,2019-03-07,,False
439,2019-0021,2019-03-15,YERBAL,False
440,2019-0022,2019-03-15,,False
441,2019-0023,2019-03-16,"JACQUES, AMADEO",False
442,2019-0024,2019-03-19,,False
443,2019-0025,2019-03-22,SANCHEZ DE BUSTAMANTE,False
444,2019-0026,2019-03-28,"PAZ, GRAL. AV.",False
445,2019-0027,2019-03-28,AZCUENAGA,False
446,2019-0028,2019-04-06,"ORO?O, NICASIO",False
447,2019-0029,2019-04-07,"PAZ, GRAL. AV.",False
448,2019-0030,2019-04-09,YERBAL,False
449,2019-0031,2019-04-12,"MADERO, EDUARDO AV.",False
450,2019-0032,2019-04-16,"ALVAREZ, DONATO, TTE. GRAL. AV.",False
451,2019-0033,2019-04-18,"HUERGO, ING. AV.",False
452,2019-0034,2019-04-21,,False
453,2019-0035,2019-04-23,,False
454,2019-0036,2019-04-26,FORMOSA,False
455,2019-0037,2019-05-01,INDEPENDENCIA AV.,False
456,2019-0038,2019-05-04,"FIGUEROA ALCORTA, PRES. AV.",False
457,2019-0039,2019-05-09,DIRECTORIO AV.,False
458,2019-0040,2019-05-09,SANTANDER,False
459,2019-0041,2019-05-11,ANDALGALA,False
460,2019-0042,2019-05-14,CONSTITUCION,False
461,2019-0043,2019-05-21,"MADERO, EDUARDO AV.",False
462,2019-0044,2019-05-27,,False
463,2019-0045,2019-06-03,REPUBLICA DE LA INDIA,False
464,2019-0046,2019-06-04,CABILDO AV.,False
465,2019-0047,2019-06-06,,False
466,2019-0048,2019-06-07,,False
467,2019-0049,2019-06-08,MENDOZA,False
468,2019-0050,2019-06-08,HONDURAS AV.,False
469,2019-0051,2019-06-11,OLAVARRIA,False
470,2019-0053,2019-06-14,CASTA?ARES AV.,False
471,2019-0054,2019-06-20,,False
472,2019-0055,2019-06-20,"MADERO, EDUARDO AV.",False
473,2019-0056,2019-06-29,,False
474,2019-0057,2019-07-05,LA PAMPA,False
475,2019-0058,2019-07-10,,False
476,2019-0059,2019-07-13,SANTIAGO DEL ESTERO,False
477,2019-0060,2019-07-17,"FALCON, RAMON L.,CNEL.",False
478,2019-0061,2019-07-17,MENDOZA,False
479,2019-0062,2019-08-01,"CAMPOS, LUIS M. AV.",False
480,2019-0063,2019-08-04,MAURE,False
481,2019-0064,2019-08-06,AVELLANEDA AV.,False
482,2019-0065,2019-08-08,TILCARA,False
483,2019-0066,2019-08-11,BOLIVAR (NO OFICIAL),False
484,2019-0067,2019-08-14,,False
485,2019-0068,2019-08-14,,False
486,2019-0069,2019-08-17,,False
487,2019-0070,2019-08-22,GORRITI,False
488,2019-0071,2019-08-27,OLIVERA AV.,False
489,2019-0072,2019-08-28,AZUL,False
490,2019-0073,2019-08-29,,False
491,2019-0074,2019-08-29,"PAZ, GRAL. AV.",False
492,2019-0075,2019-08-30,LUJAN,False
493,2019-0076,2019-09-05,,False
494,2019-0077,2019-09-08,TAGLE,False
495,2019-0078,2019-09-12,"ALCORTA, AMANCIO AV.",False
496,2019-0079,2019-09-17,COLOMBRES,False
497,2019-0080,2019-09-17,"PAZ, GRAL. AV.",False
498,2019-0081,2019-09-23,,False
499,2019-0082,2019-09-25,,False
500,2019-0083,2019-09-26,CORVALAN,False
501,2019-0084,2019-09-27,LAFUENTE,False
502,2019-0085,2019-10-09,BACACAY,False
503,2019-0086,2019-10-15,,False
504,2019-0087,2019-10-21,MENDOZA,False
505,2019-0088,2019-10-22,"BONAVENA, OSCAR NATALIO",False
506,2019-0089,2019-10-23,"BLANES, JUAN MANUEL",False
507,2019-0090,2019-10-24,,False
508,2019-0091,2019-11-01,CAMARGO,False
509,2019-0092,2019-11-03,SUAREZ,False
510,2019-0093,2019-11-13,"JUSTO, JUAN B. AV.",False
511,2019-0094,2019-11-18,SERRANO,False
512,2019-0095,2019-11-20,,False
513,2019-0096,2019-11-22,PIEDRAS,False
514,2019-0097,2019-11-25,,False
515,2019-0098,2019-11-25,,False
516,2019-0100,2019-12-05,,False
517,2019-0101,2019-12-17,TILCARA AV.,False
518,2019-0102,2019-12-17,"GORDILLO, TIMOTEO",False
519,2019-0103,2019-12-18,GRIVEO,False
520,2019-0104,2019-12-21,PERGAMINO,False
521,2019-0105,2019-05-05,SEGUROLA AV.,False
522,2020-0001,2020-01-04,LOYOLA,False
523,2020-0002,2020-01-05,VARELA AV.,False
524,2020-0003,2020-01-11,COMBATE DE LOS POZOS,False
525,2020-0004,2020-01-14,RIVADAVIA AV.,False
526,2020-0005,2020-01-14,SAN JUAN AV.,False
527,2020-0006,2020-01-20,,False
528,2020-0007,2020-01-27,LIMA,False
529,2020-0008,2020-01-30,"JAURES, JEAN",False
530,2020-0009,2020-02-04,"SALGUERO, JERONIMO",False
531,2020-0010,2020-02-08,SAN JUAN AV.,False
532,2020-0011,2020-02-12,,False
533,2020-0012,2020-02-18,,False
534,2020-0013,2020-02-20,TRIUNVIRATO AV.,False
535,2020-0014,2020-02-27,NOGOYA,False
536,2020-0015,2020-02-28,PASEO COLON AV.,False
537,2020-0016,2020-02-29,,False
538,2020-0017,2020-03-05,RINCON,False
539,2020-0018,2020-03-09,,False
540,2020-0019,2020-03-10,CASTRO,False
541,2020-0020,2020-03-13,"GOMEZ, VALENTIN",False
542,2020-0021,2020-03-14,,False
543,2020-0022,2020-04-07,ESCALADA AV.,False
544,2020-0023,2020-04-09,"BROWN, ALTE. AV.",False
545,2020-0024,2020-04-24,,False
546,2020-0025,2020-05-12,,False
547,2020-0026,2020-05-17,,False
548,2020-0027,2020-05-18,MONTIEL,False
549,2020-0028,2020-05-19,WARNES AV.,True
550,2020-0029,2020-06-10,"ROFFO, ANGEL H., DR.",False
551,2020-0030,2020-06-16,,False
552,2020-0031,2020-06-30,LARRAYA,False
553,2020-0032,2020-07-10,SERRANO,False
554,2020-0033,2020-07-19,DEL LIBERTADOR AV.,False
555,2020-0034,2020-08-02,"ANCHORENA, TOMAS MANUEL DE, DR.",False
556,2020-0035,2020-08-04,,False
557,2020-0036,2020-08-07,PARAGUAY,False
558,2020-0037,2020-08-29,VARELA AV.,False
559,2020-0038,2020-08-30,"DIAZ, CNEL. AV.",False
560,2020-0039,2020-09-01,,False
561,2020-0040,2020-09-12,CALLE 12 (NO OFICIAL),False
562,2020-0041,2020-09-28,"PERON, EVA AV.",True
563,2020-0042,2020-09-29,SOLDADO DE LA FRONTERA AV.,False
564,2020-0043,2020-09-30,PARAGUAY,False
565,2020-0044,2020-10-05,INDEPENDENCIA AV.,False
566,2020-0045,2020-10-19,27 DE FEBRERO AV.,False
567,2020-0046,2020-10-27,"CARRANZA, ADOLFO P.",False
568,2020-0047,2020-10-27,LACARRA AV.,False
569,2020-0048,2020-10-29,,False
570,2020-0049,2020-10-30,"RAMOS MEJIA, JOSE MARIA, DR. AV.",False
571,2020-0050,2020-11-01,GODOY CRUZ,False
572,2020-0051,2020-11-05,MERCEDES,False
573,2020-0052,2020-11-07,PUEYRREDON AV.,False
574,2020-0053,2020-11-09,"EINSTEIN, ALBERTO",False
575,2020-0054,2020-11-19,ALBERTI,False
576,2020-0055,2020-11-19,,False
577,2020-0056,2020-11-21,"ROCA, CNEL. AV.",False
578,2020-0057,2020-11-23,"VIALE, LUIS",False
579,2020-0058,2020-11-24,"FALCON, RAMON L.,CNEL.",False
580,2020-0059,2020-12-01,,False
581,2020-0060,2020-12-03,"PERON, EVA AV.",False
582,2020-0061,2020-12-03,"UDAONDO, GUILLERMO AV.",False
583,2020-0062,2020-12-04,,False
584,2020-0063,2020-12-05,ALTA GRACIA,False
585,2020-0065,2020-12-05,"GOYENECHE, ROBERTO PARQUE AV.",False
586,2020-0066,2020-12-07,,False
587,2020-0067,2020-12-11,BEAZLEY,False
588,2020-0068,2020-12-12,AUSTRIA,False
589,2020-0069,2020-12-15,"SAENZ PE?A, LUIS, PRES.",False
590,2020-0070,2020-12-17,"LAS HERAS, GENERAL",False
591,2020-0071,2020-12-17,DIRECTORIO AV.,False
592,2020-0072,2020-12-19,"CALVO, CARLOS",False
593,2020-0073,2020-12-20,ESCALADA AV.,False
594,2020-0074,2020-12-20,NAZCA AV.,False
595,2020-0075,2020-12-23,9 DE JULIO AV.,False
596,2020-0076,2020-12-24,CHIVILCOY,False
597,2020-0077,2020-12-25,PUNTA ARENAS,False
598,2020-0078,2020-12-25,,False
599,2020-0079,2020-12-27,"GOYENECHE, ROBERTO PARQUE AV.",False
600,2021-0001,2021-01-06,,False
601,2021-0002,2021-01-07,MURGUIONDO,False
602,2021-0003,2021-01-10,,False
603,2021-0004,2021-01-11,GUARANI,False
604,2021-0005,2021-01-11,,False
605,2021-0006,2021-01-12,SARMIENTO AV.,False
606,2021-0007,2021-01-18,GIRIBONE,False
607,2021-0008,2021-01-22,"RABANAL, FRANCISCO, INTENDENTE AV.",False
608,2021-0009,2021-01-23,GAONA AV.,False
609,2021-0010,2021-01-23,"BALBIN, RICARDO, DR. AV.",False
610,2021-0011,2021-01-27,,False
611,2021-0012,2021-01-29,GUAMINI,False
612,2021-0013,2021-01-31,OLIVERA AV.,False
613,2021-0014,2021-02-02,NOGOYA,False
614,2021-0015,2021-02-06,TINOGASTA,False
615,2021-0016,2021-02-14,"DE LA TORRE, LISANDRO",False
616,2021-0017,2021-02-17,CASEROS AV.,False
617,2021-0018,2021-02-20,"PERON, JUAN DOMINGO, TTE. GENERAL",False
618,2021-0019,2021-02-21,"LARRALDE, CRISOLOGO AV.",False
619,2021-0020,2021-02-21,GASCON,False
620,2021-0021,2021-02-26,24 DE NOVIEMBRE,False
621,2021-0022,2021-02-28,ROOSEVELT FRANKLIN D.,False
622,2021-0023,2021-03-01,,False
623,2021-0024,2021-03-03,PIEDRA BUENA AV.,False
624,2021-0025,2021-03-11,AUTOPISTA DELLEPIANE LUIS TTE. GRAL.,True
625,2021-0026,2021-03-15,,False
626,2021-0027,2021-03-16,DONADO,False
627,2021-0028,2021-03-29,"TORRES Y TENORIO, PRES.",False
628,2021-0029,2021-03-31,SAN PEDRITO AV.,False
629,2021-0030,2021-04-03,,False
630,2021-0031,2021-04-07,INDEPENDENCIA AV.,False
631,2021-0032,2021-04-10,"GUIRALDES, INT.",False
632,2021-0033,2021-04-14,,False
633,2021-0034,2021-04-19,ZAVALETA,False
634,2021-0035,2021-05-03,LAFUENTE AV.,False
635,2021-0036,2021-05-09,MOSCONI GENERAL AV.,False
636,2021-0037,2021-05-11,"BALBIN, RICARDO, DR. AV.",False
637,2021-0038,2021-05-14,SANTA FE AV.,False
638,2021-0039,2021-05-15,"ALBERDI, JUAN BAUTISTA AV.",False
639,2021-0040,2021-05-20,DEL LIBERTADOR AV.,False
640,2021-0041,2021-05-20,CASARES AV.,False
641,2021-0042,2021-05-21,,False
642,2021-0043,2021-05-22,PILAR,False
643,2021-0044,2021-05-25,"ACOSTA, MARIANO",False
644,2021-0045,2021-05-26,,False
645,2021-0046,2021-05-31,GUZMAN AV.,False
646,2021-0047,2021-06-02,"RABANAL, FRANCISCO, INTENDENTE AV.",False
647,2021-0048,2021-06-03,CONGRESO AV.,False
648,2021-0049,2021-06-03,,False
649,2021-0050,2021-06-10,,False
650,2021-0051,2021-06-15,EREZCANO AV.,False
651,2021-0052,2021-06-20,,False
652,2021-0053,2021-06-20,,False
653,2021-0054,2021-06-22,EREZCANO,False
654,2021-0055,2021-06-29,PUEYRREDON AV.,False
655,2021-0056,2021-07-09,"MORENO, PERITO AV.",False
656,2021-0057,2021-07-10,,False
657,2021-0058,2021-07-21,VEDIA,False
658,2021-0059,2021-07-22,,False
659,2021-0060,2021-07-22,RIVADAVIA AV.,False
660,2021-0061,2021-07-24,"ALCORTA, AMANCIO AV.",False
661,2021-0062,2021-07-27,,False
662,2021-0063,2021-08-02,,False
663,2021-0064,2021-08-02,TONELERO,False
664,2021-0065,2021-08-06,LA PLATA AV.,False
665,2021-0066,2021-08-06,"PAZ, GRAL. AV.",False
666,2021-0067,2021-08-08,,False
667,2021-0068,2021-08-15,,False
668,2021-0069,2021-08-20,,False
669,2021-0070,2021-08-28,VARELA AV.,False
670,2021-0071,2021-08-31,,False
671,2021-0072,2021-09-01,PARAGUAY,False
672,2021-0073,2021-09-18,"AGOTE, LUIS DR.",False
673,2021-0074,2021-09-20,"BALBIN, RICARDO, DR. AV.",False
674,2021-0075,2021-09-21,BRASIL,False
675,2021-0076,2021-10-16,,False
676,2021-0077,2021-10-18,,False
677,2021-0078,2021-10-23,LA PLATA AV.,False
678,2021-0079,2021-10-25,,False
679,2021-0080,2021-10-28,9 DE JULIO AV.,False
680,2021-0081,2021-11-02,,False
681,2021-0082,2021-11-06,,False
682,2021-0083,2021-11-09,OLAZABAL,False
683,2021-0084,2021-11-11,BRUIX AV.,False
684,2021-0085,2021-11-20,EZEIZA,False
685,2021-0086,2021-11-25,PUAN,False
686,2021-0087,2021-11-27,,False
687,2021-0088,2021-12-01,3 DE FEBRERO,False
688,2021-0089,2021-12-02,,False
689,2021-0090,2021-12-10,LAVALLE,False
690,2021-0091,2021-12-11,"HUGO, VICTOR",False
691,2021-0092,2021-12-12,PUEYRREDON AV.,False
692,2021-0093,2021-12-13,MOM,False
693,2021-0094,2021-12-20,LACARRA AV.,False
694,2021-0095,2021-12-30,TERRADA,False
695,2021-0096,2021-12-15,,False
696,2021-0097,2021-11-18,,False
